-- phpMyAdmin SQL Dump
-- version 4.6.2
-- https://www.phpmyadmin.net/
--
-- Host: 127.0.0.1:3306
-- Czas generowania: 30 Maj 2016, 18:44
-- Wersja serwera: 5.7.12
-- Wersja PHP: 5.5.9-1ubuntu4.17

SET SQL_MODE = "NO_AUTO_VALUE_ON_ZERO";
SET time_zone = "+00:00";

--
-- Baza danych: `zakladfoto`
--

-- --------------------------------------------------------

--
-- Struktura tabeli dla tabeli `account_type`
--

CREATE TABLE `account_type` (
  `id_account_type` int(11) NOT NULL,
  `type_of_account` varchar(45) NOT NULL
) ENGINE=InnoDB DEFAULT CHARSET=latin1;

--
-- Zrzut danych tabeli `account_type`
--

INSERT INTO `account_type` (`id_account_type`, `type_of_account`) VALUES
(1, 'admin'),
(2, 'user'),
(3, 'employee');

-- --------------------------------------------------------

--
-- Struktura tabeli dla tabeli `address`
--

CREATE TABLE `address` (
  `city` varchar(45) DEFAULT NULL,
  `postcode` varchar(45) DEFAULT NULL,
  `street` varchar(45) DEFAULT NULL,
  `street_number` varchar(45) DEFAULT NULL,
  `id_user` int(11) DEFAULT NULL
) ENGINE=InnoDB DEFAULT CHARSET=latin1;

-- --------------------------------------------------------

--
-- Struktura tabeli dla tabeli `department`
--

CREATE TABLE `department` (
  `id_department` int(11) NOT NULL,
  `name` varchar(45) NOT NULL,
  `city` varchar(45) NOT NULL,
  `postcode` varchar(45) NOT NULL,
  `street` varchar(45) NOT NULL,
  `street_number` varchar(45) NOT NULL,
  `phone` varchar(45) NOT NULL,
  `email` varchar(45) NOT NULL
) ENGINE=InnoDB DEFAULT CHARSET=latin1;

--
-- Zrzut danych tabeli `department`
--

INSERT INTO `department` (`id_department`, `name`, `city`, `postcode`, `street`, `street_number`, `phone`, `email`) VALUES
(0, 'Siedziba Glowna', 'Krakow', '31-001', 'Chmieleniec', '2B/1', '111222333', 'admin@zakladfotograficzny.pl');

-- --------------------------------------------------------

--
-- Struktura tabeli dla tabeli `help`
--

CREATE TABLE `help` (
  `id_help` int(11) NOT NULL,
  `email` varchar(200) COLLATE utf8mb4_unicode_ci NOT NULL,
  `message` varchar(2000) COLLATE utf8mb4_unicode_ci NOT NULL
) ENGINE=InnoDB DEFAULT CHARSET=utf8mb4 COLLATE=utf8mb4_unicode_ci;

--
-- Zrzut danych tabeli `help`
--

INSERT INTO `help` (`id_help`, `email`, `message`) VALUES
(1, 'krzychu_test@gmail.com', 'Testowa wiadomosc'),
(2, 'krzychu_test2@gmail.com', 'Testowa wiadomosc2'),
(3, 'junit@test.com', 'Test Message From JUnit'),
(4, 'junit@test.com', 'Test Message From JUnit');

-- --------------------------------------------------------

--
-- Struktura tabeli dla tabeli `order`
--

CREATE TABLE `order` (
  `id_order` int(11) NOT NULL,
  `id_status` int(11) NOT NULL,
  `creation_time` timestamp NOT NULL DEFAULT CURRENT_TIMESTAMP,
  `last_edit_time` timestamp NULL DEFAULT NULL,
  `adding_information` varchar(100) DEFAULT NULL,
  `id_payment` int(11) NOT NULL,
  `id_shippment` int(11) NOT NULL,
  `id_department` int(11) NOT NULL,
  `id_user` int(11) DEFAULT NULL
) ENGINE=InnoDB DEFAULT CHARSET=latin1;

--
-- Zrzut danych tabeli `order`
--

INSERT INTO `order` (`id_order`, `id_status`, `creation_time`, `last_edit_time`, `adding_information`, `id_payment`, `id_shippment`, `id_department`, `id_user`) VALUES
(1, 1, '2016-04-02 09:55:34', '2016-04-02 09:55:34', 'Dodatkowe informacje testowe...', 1, 1, 0, NULL),
(2, 1, '2016-04-02 10:24:35', '2016-04-02 10:24:35', 'Tescik...', 1, 1, 0, NULL),
(3, 1, '2016-04-02 10:24:47', '2016-04-02 10:24:47', 'Tescik2...', 1, 1, 0, NULL),
(4, 1, '2016-04-02 10:26:44', '2016-04-02 10:26:44', 'Tescik2...', 1, 1, 0, NULL),
(6, 1, '2016-04-19 07:42:41', '2016-04-19 07:42:41', 'Tescik3...', 1, 1, 0, NULL),
(7, 1, '2016-05-16 18:52:02', '2016-05-16 18:52:02', 'Tescik3...', 1, 1, 0, NULL),
(8, 1, '2016-05-16 18:53:00', '2016-05-16 18:53:00', 'Tescik3...', 1, 1, 0, NULL),
(9, 1, '2016-05-16 18:54:11', '2016-05-16 18:54:11', 'Tescik3...', 1, 1, 0, NULL),
(10, 1, '2016-05-16 18:54:41', '2016-05-16 18:54:41', 'Tescik3...', 1, 1, 0, NULL),
(11, 1, '2016-05-16 18:56:52', '2016-05-16 18:56:52', 'Tescik3...', 1, 1, 0, NULL),
(12, 1, '2016-05-16 18:57:05', '2016-05-16 18:57:05', 'Tescik3...', 1, 1, 0, NULL),
(15, 1, '2016-05-16 19:28:59', '2016-05-16 19:28:59', '', 1, 3, 0, NULL),
(16, 1, '2016-05-16 19:29:37', '2016-05-16 19:29:37', '', 1, 3, 0, NULL),
(17, 1, '2016-05-16 19:37:20', '2016-05-16 19:37:20', '', 1, 3, 0, NULL),
(18, 1, '2016-05-16 20:43:52', '2016-05-16 20:43:52', 'korekta 1', 2, 1, 0, NULL),
(19, 1, '2016-05-16 20:44:04', '2016-05-16 20:44:04', 'korekta 1', 2, 1, 0, NULL),
(20, 1, '2016-05-16 22:41:25', '2016-05-16 22:41:25', '', 1, 3, 0, NULL),
(21, 1, '2016-05-16 23:26:02', '2016-05-16 23:26:02', 'Tescik3...', 1, 1, 0, NULL),
(22, 1, '2016-05-30 16:24:16', '2016-05-30 16:24:16', 'gnfbbfbf', 1, 3, 0, NULL);

-- --------------------------------------------------------

--
-- Struktura tabeli dla tabeli `order_status`
--

CREATE TABLE `order_status` (
  `id_status` int(11) NOT NULL,
  `type_of_status` varchar(45) NOT NULL
) ENGINE=InnoDB DEFAULT CHARSET=latin1;

--
-- Zrzut danych tabeli `order_status`
--

INSERT INTO `order_status` (`id_status`, `type_of_status`) VALUES
(1, 'Stworzony');

-- --------------------------------------------------------

--
-- Struktura tabeli dla tabeli `payment`
--

CREATE TABLE `payment` (
  `id_payment` int(11) NOT NULL,
  `type_of_payment` varchar(45) NOT NULL,
  `price` int(11) NOT NULL
) ENGINE=InnoDB DEFAULT CHARSET=latin1;

--
-- Zrzut danych tabeli `payment`
--

INSERT INTO `payment` (`id_payment`, `type_of_payment`, `price`) VALUES
(1, 'Przelew', 5),
(2, 'gotowka', 5);

-- --------------------------------------------------------

--
-- Struktura tabeli dla tabeli `photo`
--

CREATE TABLE `photo` (
  `id_photo` int(11) NOT NULL,
  `id_order` int(11) NOT NULL,
  `file_name` varchar(45) NOT NULL,
  `id_service` int(11) NOT NULL,
  `file_type` varchar(45) NOT NULL,
  `file_size` int(11) NOT NULL,
  `binary_file` mediumblob NOT NULL
) ENGINE=InnoDB DEFAULT CHARSET=latin1;

--
-- Zrzut danych tabeli `photo`
--

INSERT INTO `photo` (`id_photo`, `id_order`, `file_name`, `id_service`, `file_type`, `file_size`, `binary_file`) VALUES
(2, 1, 'testName', 1, 'png', 99, 0x89504e470d0a1a0a0000000d49484452000000c8000000c80802000000223a39c9000000017352474200aece1ce90000000467414d410000b18f0bfc6105000000097048597300000e9c00000e9c01079453dd0000001874455874536f667477617265007061696e742e6e657420342e302e36fc8c63df00000de049444154785eeddb097454d5190770a9f5d4b6a7b5b52e6dd5dabab4daa30802c6101005036147131340d69004b221903d2464210111dc01414014a82c2a8b01444159450cc82aabac5524086191c5a242fba52ffde6f2cd9b376fa67e27c1f33fe7773c32dfbd2f9397ffbc77dfbd772efbf76575017e700816a840b0400582052a102c508160810a040b542058a002c102150816a840b0400582052a102c508160810a040b542058a002c102150816a840b0400582052a102c508160810a040b542058a002c102150816a840b0400582052a102c508160810a040b542058a002c102150816a840b0400582052a102c508160810a040b542058a002c102150816a840b0400582052a102c508160810a040b542058a002c102150816a840b0400582052a102c508160810a040b542058a002c102150816a840b0400582052a102c508160810a040b542058a002c102150816a840b0400582052a102c508160810a040b542058a002c102150816a840b0400582052a102c508160810a040b542058a002c102150816a840b0400582052a6a3258e5916da68c8e7df9b584194ff538f7f3faa20a97b49a0cd68457e27bfdfb49cbceb016a20a97b42083b5a15d4479545b615da7d65bc25b1ea8dbf4db9fd513ed6d4d3482b5eda1705105679f746cfd5e6ad4e294a8adcd6d4e5d7535397257e843a2e4e0c8cda173f3bbcc1cd17d617af4e15b42453520c1046be4a2fe1c085f862d1bb8a25747d1513083b5b9552b51056799bb72ad53f7dad858512249c78aadeae4717d44c99745031e8bfba6d4ea4516a6458b06010926587dfe55c23fde59ff8a02dbcf93c50cd6faf611a25ae36af9b08f4fddbcbc2ea274fab70db83a37bfaba87adbd5b8f9b0e583b88b852e5aa2594074836559d9d3fed265066bed236d44b50655de10127fe6bfbfe3f9e1e3a6f615d5dae0e84d217cea56f4ee24aafbea3773a89abefbe93dd347f6e0c6a6f99931a27140fedf609dbeba217db22dc7af6ff4c5df9bbcdf2ff2a9f7e4bdf29f7737150721b5365815b736e63736f2dd2744b536d8d1b439bfc3edcd1e16553a990e5556fe58dbf43d79dc9298b7c2f959351a2c5ff78bd55ddb731b3266663fd1805c12c1a2c1a2a8d606abba77e07778ec0ff789eaa2818f39542dd39eefc56d485265d186b611593b72f895b2eccea24b40b48245e89d7133b2fb3ef978724904abf8a33451ad0dde1cda8ddfa12891575eeee350b5241f29e436346cb75e3483f5766e6d0dd6b92beb9997d6254991a2c12511acfcf599a25a1bbcf86692f5f6124e0f152552b2b27a241e7fc6a66a49df3b981a4c9c146f5ed2b2767a82356fb07c26088862b0c8336529dc72da73bd44d557b03ebbffa1374abb8d9991f8dcdc944913fad0f0f3ecafeee5aa4b34b678abf871faecd27b786e5ef2f8d712e898f4f8239a99f6d76fb6f6d1361f756effcea0687e63833767d37ba3db04db1de27410b225bce59b25dd264d8c7b7a412afd0a132627cc29e8baa7e183a259a02ed4a9faa53e6d114e72b6562720675b36fd38eb4596f2bfab11557786b520de63dcc52951db9bc94969f38ae5fdb01910dd604d9a10c72dc7cc4a12d589af2470d50a56d573efb281fc22a3cfe57ba951665f0765399d938f168923b0ec6dd9abba75105d2c4357a789c6b6f23665898e163a157487eafb75f50492b7827599145cd1cbbd71d3fa8a0306e4fce5f280de2888dc7ece905a1c2c0a13b7a48b87a88a602dc888e17fdaf2fb19da5faf59dafe7cd1cbd6f82909a22fc9fcaceaeee0177dac4547b2fd8116e6a8c5c194d136f3996e783f6b07a4f2861071406f7c2124749515d580e8068bee23dc72d6f0eea26ade0a4b578809ba11f4dfde17bd52852efbe2208c5295f295ab3fade599b25471047a744d3c561cfbad675c68a2d7e9c29974acf8d9b75344c76d0f3e6c9e13bf829b1b5b1affc8f0a5038bd6a49bd715faffeced3994f5cc5db919bb73d3f7e4a5edf3cc2050500ad7a6d3b97d7e4eb2389aaddc4fb3b8efecc2da1aac13d737eafddd306eb9b18d9c5b3783c5a68fecf1f5ef1a729b35d1edcc2a9d592e09e63d34676bb6f78f3b796d23f37189f83a775fdcd984db0c713178cfdb94c9ed0bcb332867a2015d2dc6be7ed18d8c1fc482501ed5968fe3fdac6d56f7346c26aace72b77882452354510d8862b0e876c3cde2cf949cff896ce01dac657d6ca689cb233dd37dc47662c61c6ea756141cba3d4c3460af3fdd935b1233c4cc0c56c1da745115689cce8db376e69eb8ce7ede88d02318b7a42b1f0dc64503976810c9c7a14f8b43f5ec550d44d5190d1fb92f8d174535205ac1a2b136b721b6eb032258cb7bfb5cb4a68b3c37dbd8c666b99afea2dc60d140a78b01e53bf1b867684f89140d88192ce779ac0b75ee368756be16af2ca7ae69c42d89df457a5fe831930f224ac4b9ea2c6fa311ac12397409c80f1dac3a757736693162f1006e404a57d8dfbfcc602d4c735a40302f33de19dd14d192abfd4e16fbddb4631e8d46c4a24acc6095ac1a24aaa60f1ff7cc80a7efcd13556f2fbfeaf9955f7add6635c20d5e30a6619f2811aed2455194fccadfe0b9a7bf515aa357acd4c305e97b07d3a08fc622830ee49b832acba0fdf947fe74bf3882c50c96f30c135d09b8a5f7c0686e7e57ae0e5ded7fa2fcf3bb9a72fbc4e33667df0c96f392ce546361e4993239a8f7460f8fdc9e2ec3a2ead2802faa9f7c69c02e4a84ab05eb029eda1df24986d597d470b09cbdf05692ed20c662ee20750e9639cc9af1540f5135a7613fe8fba8a8daea757e3877a9bc41e6de0cd693ef0f10559339f5456f5254bdd1d9e0f6c4e58e4881bbdb5e6eb96abb3eeb8cb2c8dd6b63b0124e158f7e2371734b9f53031633589f853a056b43bb086e498f8da26afe753745b8da30c81f6b421730513583e5bcbb8177db91bdeee6d6cd65aee3bff739d2f7e5fb2bea7177ef4d7c663588d1373dd272f71a0e16dd0ba68fea418fa665d99d9724467ed4a5bdfbbdb0175db11c7b39072b7bbb675aefe09d4d44d5967906695028aa66b0462d94d35d2673e6cce179d0642dd2590edee1eadd920519d13346749ffa42ef29a363b97be1c71993c7c7bdfa529f57c7c6d2eb16ae8e583260d6b06ef4d0baae93dbe9fea28fd3b97b0d07ebdc95c15ccc2d3f54b0cc15ae7df7ba9ab9316702f7d7935dcc603deb358f6a32d78e7c0d2585fe87867097ca1bfdcf865bb84b104a56b9dda051b406c13214adf1dc0a37b475b5c5d95cd13b72b3fcd680fb6099f320bb43fcdf0ae974717bf2cd2fdd2eaec79f1d6a760c48c94aa7075b9339a840b02efa72c7b238a79db89653577b46d0f4bb5ca873b76870f08e306ee01c2c73b4ebe68ef3e55f3d477ee260bea83a58ddb5fd828c98b29c1873398f4651160ac1ace1dde95e99658c0ae82638bba86a88e2fefb04433ff42cac215817cd7d4f9a1827aadee844737bdb07ab43b7bb0d160d9fb9e5cc11fe6714cd7993b1d38399c7e2d161e2099b8912aea6eff13fa9e6ad64158265f8a4636baec67e5beaf7fe32ea9d546e3f3fcb669fe4577f0ee506f4211655d3f2d84edc92064fa2eacd1c1d2f8d7f4454dda0eb9cd5dd764980ab4f3b3e73f8626e0540b0aad655f86b74e4fd44b955d54423216e498eda0d9f4f5eeb597bb19d8464625e6a4d4c3bd1c0b4a9752b6e49e7d07963882f7c848993e2458970f51fcff6142537cc2f81215855e83c7203b2a3a9fd17f669546e2ee08f9be673fb8a39dbe43c4165aeb5d33381af69d26d0f860f3ae0993c9bfa6230bbb2e86cf3111664c8554eb3ba38d9e9d3e58bb94304c1aa72f6aa06e69f8dd0d8a8e2d6c6dce0d81f43160d88ea77d2f36c95b62fcf61f1bf7485e71417ac4daf9ec5a853f7e3e87634a4335bd27dd33c6ccf0bc3deed1f79f426cf85f0f05f4269041d6b2c76e56f08721ffde7773dc007298f6aeb50f53b60a7ebe596f0961bdb44504bf6e4079e45de313393c4a6e780b663fc488245d67768ddfb7bb95299f255e1e0cdd9e6d49125f948e1ce30a7b97eb10f8c249cae4e8ff7b878650fcf5234eb5f5190b7312bf57081789dbadb7ecbd20dfadbf371f63590d36f66f540dd074455183db31f377669c2649b6db7befc78824576346d6e4e2cf9428f4efbebfb9f47cd5fef994a30d9ee79a78f7eff2f657cbdd1bde6d06d9eeb68a03ee8fb281fca7b11766982a77afa373e97682db95b3cdb505da211983888836082d5ef64f54839a9b2f0fce5f788aa7b93c77bbe6ae1bd13d2640e7bfd3ed52fc88c31b7449be8717a89e3d05ea071863802993eca7e5cfcfd15f566177635d7974c749771deade5c6bcbc2ed6d16cb7c4cc2970aa0ae20bab6ecc2e0a604f6930c122f430650e238276e2bafb2a6e0d7533017de6d7f756dcd6d87bc3a42ff4f636b76ab5a257c7f99931abba77fcf4e1f053d7b8ed6ba24f0eddb9d6c4b45f1ad7890e78ea6aff7b320fdf124a9f84e5b19d16a6477ff87887adcdc3cf04b893d3019df92fff1676ee17f64f949537861cba3dcce5f3267d120222ba3b0b325800ce102c508160810a040b542058a002c102150816a840b0400582052a102c508160810a040b542058a002c102150816a840b0400582052a102c508160810a040b542058a002c102150816a840b0400582052a102c508160810a040b542058a002c102150816a840b0400582052a102c508160810a040b542058a002c102150816a840b0400582052a102c508160810a040b542058a002c102150816a840b0400582052a102c508160810a040b542058a002c102150816a840b0400582052a102c508160810a040b542058a002c102150816a840b0400582052a102c508160810a040b542058a002c102150816a840b0400582052a102c508160810a040b542058a002c102150816a840b0400582052a102c507059ddff00a42a42f39df9d4430000000049454e44ae426082),
(3, 1, 'test#1', 1, 'png', 99, 0x89504e470d0a1a0a0000000d49484452000000c8000000c80802000000223a39c9000000017352474200aece1ce90000000467414d410000b18f0bfc6105000000097048597300000e9c00000e9c01079453dd0000001874455874536f667477617265007061696e742e6e657420342e302e36fc8c63df00000de049444154785eeddb097454d5190770a9f5d4b6a7b5b52e6dd5dabab4daa30802c6101005036147131340d69004b221903d2464210111dc01414014a82c2a8b01444159450cc82aabac5524086191c5a242fba52ffde6f2cd9b376fa67e27c1f33fe7773c32dfbd2f9397ffbc77dfbd772efbf76575017e700816a840b0400582052a102c508160810a040b542058a002c102150816a840b0400582052a102c508160810a040b542058a002c102150816a840b0400582052a102c508160810a040b542058a002c102150816a840b0400582052a102c508160810a040b542058a002c102150816a840b0400582052a102c508160810a040b542058a002c102150816a840b0400582052a102c508160810a040b542058a002c102150816a840b0400582052a102c508160810a040b542058a002c102150816a840b0400582052a102c508160810a040b542058a002c102150816a840b0400582052a102c508160810a040b542058a002c102150816a840b0400582052a102c508160810a040b542058a002c102150816a840b0400582052a6a3258e5916da68c8e7df9b584194ff538f7f3faa20a97b49a0cd68457e27bfdfb49cbceb016a20a97b42083b5a15d4479545b615da7d65bc25b1ea8dbf4db9fd513ed6d4d3482b5eda1705105679f746cfd5e6ad4e294a8adcd6d4e5d7535397257e843a2e4e0c8cda173f3bbcc1cd17d617af4e15b42453520c1046be4a2fe1c085f862d1bb8a25747d1513083b5b9552b51056799bb72ad53f7dad858512249c78aadeae4717d44c99745031e8bfba6d4ea4516a6458b06010926587dfe55c23fde59ff8a02dbcf93c50cd6faf611a25ae36af9b08f4fddbcbc2ea274fab70db83a37bfaba87adbd5b8f9b0e583b88b852e5aa2594074836559d9d3fed265066bed236d44b50655de10127fe6bfbfe3f9e1e3a6f615d5dae0e84d217cea56f4ee24aafbea3773a89abefbe93dd347f6e0c6a6f99931a27140fedf609dbeba217db22dc7af6ff4c5df9bbcdf2ff2a9f7e4bdf29f7737150721b5365815b736e63736f2dd2744b536d8d1b439bfc3edcd1e16553a990e5556fe58dbf43d79dc9298b7c2f959351a2c5ff78bd55ddb731b3266663fd1805c12c1a2c1a2a8d606abba77e07778ec0ff789eaa2818f39542dd39eefc56d485265d186b611593b72f895b2eccea24b40b48245e89d7133b2fb3ef978724904abf8a33451ad0dde1cda8ddfa12891575eeee350b5241f29e436346cb75e3483f5766e6d0dd6b92beb9997d6254991a2c12511acfcf599a25a1bbcf86692f5f6124e0f152552b2b27a241e7fc6a66a49df3b981a4c9c146f5ed2b2767a82356fb07c26088862b0c8336529dc72da73bd44d557b03ebbffa1374abb8d9991f8dcdc944913fad0f0f3ecafeee5aa4b34b678abf871faecd27b786e5ef2f8d712e898f4f8239a99f6d76fb6f6d1361f756effcea0687e63833767d37ba3db04db1de27410b225bce59b25dd264d8c7b7a412afd0a132627cc29e8baa7e183a259a02ed4a9faa53e6d114e72b6562720675b36fd38eb4596f2bfab11557786b520de63dcc52951db9bc94969f38ae5fdb01910dd604d9a10c72dc7cc4a12d589af2470d50a56d573efb281fc22a3cfe57ba951665f0765399d938f168923b0ec6dd9abba75105d2c4357a789c6b6f23665898e163a157487eafb75f50492b7827599145cd1cbbd71d3fa8a0306e4fce5f280de2888dc7ece905a1c2c0a13b7a48b87a88a602dc888e17fdaf2fb19da5faf59dafe7cd1cbd6f82909a22fc9fcaceaeee0177dac4547b2fd8116e6a8c5c194d136f3996e783f6b07a4f2861071406f7c2124749515d580e8068bee23dc72d6f0eea26ade0a4b578809ba11f4dfde17bd52852efbe2208c5295f295ab3fade599b25471047a744d3c561cfbad675c68a2d7e9c29974acf8d9b75344c76d0f3e6c9e13bf829b1b5b1affc8f0a5038bd6a49bd715faffeced3994f5cc5db919bb73d3f7e4a5edf3cc2050500ad7a6d3b97d7e4eb2389aaddc4fb3b8efecc2da1aac13d737eafddd306eb9b18d9c5b3783c5a68fecf1f5ef1a729b35d1edcc2a9d592e09e63d34676bb6f78f3b796d23f37189f83a775fdcd984db0c713178cfdb94c9ed0bcb332867a2015d2dc6be7ed18d8c1fc482501ed5968fe3fdac6d56f7346c26aace72b77882452354510d8862b0e876c3cde2cf949cff896ce01dac657d6ca689cb233dd37dc47662c61c6ea756141cba3d4c3460af3fdd935b1233c4cc0c56c1da745115689cce8db376e69eb8ce7ede88d02318b7a42b1f0dc64503976810c9c7a14f8b43f5ec550d44d5190d1fb92f8d174535205ac1a2b136b721b6eb032258cb7bfb5cb4a68b3c37dbd8c666b99afea2dc60d140a78b01e53bf1b867684f89140d88192ce779ac0b75ee368756be16af2ca7ae69c42d89df457a5fe831930f224ac4b9ea2c6fa311ac12397409c80f1dac3a757736693162f1006e404a57d8dfbfcc602d4c735a40302f33de19dd14d192abfd4e16fbddb4631e8d46c4a24acc6095ac1a24aaa60f1ff7cc80a7efcd13556f2fbfeaf9955f7add6635c20d5e30a6619f2811aed2455194fccadfe0b9a7bf515aa357acd4c305e97b07d3a08fc622830ee49b832acba0fdf947fe74bf3882c50c96f30c135d09b8a5f7c0686e7e57ae0e5ded7fa2fcf3bb9a72fbc4e33667df0c96f392ce546361e4993239a8f7460f8fdc9e2ec3a2ead2802faa9f7c69c02e4a84ab05eb029eda1df24986d597d470b09cbdf05692ed20c662ee20750e9639cc9af1540f5135a7613fe8fba8a8daea757e3877a9bc41e6de0cd693ef0f10559339f5456f5254bdd1d9e0f6c4e58e4881bbdb5e6eb96abb3eeb8cb2c8dd6b63b0124e158f7e2371734b9f53031633589f853a056b43bb086e498f8da26afe753745b8da30c81f6b421730513583e5bcbb8177db91bdeee6d6cd65aee3bff739d2f7e5fb2bea7177ef4d7c663588d1373dd272f71a0e16dd0ba68fea418fa665d99d9724467ed4a5bdfbbdb0175db11c7b39072b7bbb675aefe09d4d44d5967906695028aa66b0462d94d35d2673e6cce179d0642dd2590edee1eadd920519d13346749ffa42ef29a363b97be1c71993c7c7bdfa529f57c7c6d2eb16ae8e583260d6b06ef4d0baae93dbe9fea28fd3b97b0d07ebdc95c15ccc2d3f54b0cc15ae7df7ba9ab9316702f7d7935dcc603deb358f6a32d78e7c0d2585fe87867097ca1bfdcf865bb84b104a56b9dda051b406c13214adf1dc0a37b475b5c5d95cd13b72b3fcd680fb6099f320bb43fcdf0ae974717bf2cd2fdd2eaec79f1d6a760c48c94aa7075b9339a840b02efa72c7b238a79db89653577b46d0f4bb5ca873b76870f08e306ee01c2c73b4ebe68ef3e55f3d477ee260bea83a58ddb5fd828c98b29c1873398f4651160ac1ace1dde95e99658c0ae82638bba86a88e2fefb04433ff42cac215817cd7d4f9a1827aadee844737bdb07ab43b7bb0d160d9fb9e5cc11fe6714cd7993b1d38399c7e2d161e2099b8912aea6eff13fa9e6ad64158265f8a4636baec67e5beaf7fe32ea9d546e3f3fcb669fe4577f0ee506f4211655d3f2d84edc92064fa2eacd1c1d2f8d7f4454dda0eb9cd5dd764980ab4f3b3e73f8626e0540b0aad655f86b74e4fd44b955d54423216e498eda0d9f4f5eeb597bb19d8464625e6a4d4c3bd1c0b4a9752b6e49e7d07963882f7c848993e2458970f51fcff6142537cc2f81215855e83c7203b2a3a9fd17f669546e2ee08f9be673fb8a39dbe43c4165aeb5d33381af69d26d0f860f3ae0993c9bfa6230bbb2e86cf3111664c8554eb3ba38d9e9d3e58bb94304c1aa72f6aa06e69f8dd0d8a8e2d6c6dce0d81f43160d88ea77d2f36c95b62fcf61f1bf7485e71417ac4daf9ec5a853f7e3e87634a4335bd27dd33c6ccf0bc3deed1f79f426cf85f0f05f4269041d6b2c76e56f08721ffde7773dc007298f6aeb50f53b60a7ebe596f0961bdb44504bf6e4079e45de313393c4a6e780b663fc488245d67768ddfb7bb95299f255e1e0cdd9e6d49125f948e1ce30a7b97eb10f8c249cae4e8ff7b878650fcf5234eb5f5190b7312bf57081789dbadb7ecbd20dfadbf371f63590d36f66f540dd074455183db31f377669c2649b6db7befc78824576346d6e4e2cf9428f4efbebfb9f47cd5fef994a30d9ee79a78f7eff2f657cbdd1bde6d06d9eeb68a03ee8fb281fca7b11766982a77afa373e97682db95b3cdb505da211983888836082d5ef64f54839a9b2f0fce5f788aa7b93c77bbe6ae1bd13d2640e7bfd3ed52fc88c31b7449be8717a89e3d05ea071863802993eca7e5cfcfd15f566177635d7974c749771deade5c6bcbc2ed6d16cb7c4cc2970aa0ae20bab6ecc2e0a604f6930c122f430650e238276e2bafb2a6e0d7533017de6d7f756dcd6d87bc3a42ff4f636b76ab5a257c7f99931abba77fcf4e1f053d7b8ed6ba24f0eddb9d6c4b45f1ad7890e78ea6aff7b320fdf124a9f84e5b19d16a6477ff87887adcdc3cf04b893d3019df92fff1676ee17f64f949537861cba3dcce5f3267d120222ba3b0b325800ce102c508160810a040b542058a002c102150816a840b0400582052a102c508160810a040b542058a002c102150816a840b0400582052a102c508160810a040b542058a002c102150816a840b0400582052a102c508160810a040b542058a002c102150816a840b0400582052a102c508160810a040b542058a002c102150816a840b0400582052a102c508160810a040b542058a002c102150816a840b0400582052a102c508160810a040b542058a002c102150816a840b0400582052a102c508160810a040b542058a002c102150816a840b0400582052a102c508160810a040b542058a002c102150816a840b0400582052a102c508160810a040b542058a002c102150816a840b0400582052a102c507059ddff00a42a42f39df9d4430000000049454e44ae426082),
(4, 1, 'test#1', 1, 'png', 99, 0x89504e470d0a1a0a0000000d49484452000000c8000000c80802000000223a39c9000000017352474200aece1ce90000000467414d410000b18f0bfc6105000000097048597300000e9c00000e9c01079453dd0000001874455874536f667477617265007061696e742e6e657420342e302e36fc8c63df00000de049444154785eeddb097454d5190770a9f5d4b6a7b5b52e6dd5dabab4daa30802c6101005036147131340d69004b221903d2464210111dc01414014a82c2a8b01444159450cc82aabac5524086191c5a242fba52ffde6f2cd9b376fa67e27c1f33fe7773c32dfbd2f9397ffbc77dfbd772efbf76575017e700816a840b0400582052a102c508160810a040b542058a002c102150816a840b0400582052a102c508160810a040b542058a002c102150816a840b0400582052a102c508160810a040b542058a002c102150816a840b0400582052a102c508160810a040b542058a002c102150816a840b0400582052a102c508160810a040b542058a002c102150816a840b0400582052a102c508160810a040b542058a002c102150816a840b0400582052a102c508160810a040b542058a002c102150816a840b0400582052a102c508160810a040b542058a002c102150816a840b0400582052a102c508160810a040b542058a002c102150816a840b0400582052a102c508160810a040b542058a002c102150816a840b0400582052a6a3258e5916da68c8e7df9b584194ff538f7f3faa20a97b49a0cd68457e27bfdfb49cbceb016a20a97b42083b5a15d4479545b615da7d65bc25b1ea8dbf4db9fd513ed6d4d3482b5eda1705105679f746cfd5e6ad4e294a8adcd6d4e5d7535397257e843a2e4e0c8cda173f3bbcc1cd17d617af4e15b42453520c1046be4a2fe1c085f862d1bb8a25747d1513083b5b9552b51056799bb72ad53f7dad858512249c78aadeae4717d44c99745031e8bfba6d4ea4516a6458b06010926587dfe55c23fde59ff8a02dbcf93c50cd6faf611a25ae36af9b08f4fddbcbc2ea274fab70db83a37bfaba87adbd5b8f9b0e583b88b852e5aa2594074836559d9d3fed265066bed236d44b50655de10127fe6bfbfe3f9e1e3a6f615d5dae0e84d217cea56f4ee24aafbea3773a89abefbe93dd347f6e0c6a6f99931a27140fedf609dbeba217db22dc7af6ff4c5df9bbcdf2ff2a9f7e4bdf29f7737150721b5365815b736e63736f2dd2744b536d8d1b439bfc3edcd1e16553a990e5556fe58dbf43d79dc9298b7c2f959351a2c5ff78bd55ddb731b3266663fd1805c12c1a2c1a2a8d606abba77e07778ec0ff789eaa2818f39542dd39eefc56d485265d186b611593b72f895b2eccea24b40b48245e89d7133b2fb3ef978724904abf8a33451ad0dde1cda8ddfa12891575eeee350b5241f29e436346cb75e3483f5766e6d0dd6b92beb9997d6254991a2c12511acfcf599a25a1bbcf86692f5f6124e0f152552b2b27a241e7fc6a66a49df3b981a4c9c146f5ed2b2767a82356fb07c26088862b0c8336529dc72da73bd44d557b03ebbffa1374abb8d9991f8dcdc944913fad0f0f3ecafeee5aa4b34b678abf871faecd27b786e5ef2f8d712e898f4f8239a99f6d76fb6f6d1361f756effcea0687e63833767d37ba3db04db1de27410b225bce59b25dd264d8c7b7a412afd0a132627cc29e8baa7e183a259a02ed4a9faa53e6d114e72b6562720675b36fd38eb4596f2bfab11557786b520de63dcc52951db9bc94969f38ae5fdb01910dd604d9a10c72dc7cc4a12d589af2470d50a56d573efb281fc22a3cfe57ba951665f0765399d938f168923b0ec6dd9abba75105d2c4357a789c6b6f23665898e163a157487eafb75f50492b7827599145cd1cbbd71d3fa8a0306e4fce5f280de2888dc7ece905a1c2c0a13b7a48b87a88a602dc888e17fdaf2fb19da5faf59dafe7cd1cbd6f82909a22fc9fcaceaeee0177dac4547b2fd8116e6a8c5c194d136f3996e783f6b07a4f2861071406f7c2124749515d580e8068bee23dc72d6f0eea26ade0a4b578809ba11f4dfde17bd52852efbe2208c5295f295ab3fade599b25471047a744d3c561cfbad675c68a2d7e9c29974acf8d9b75344c76d0f3e6c9e13bf829b1b5b1affc8f0a5038bd6a49bd715faffeced3994f5cc5db919bb73d3f7e4a5edf3cc2050500ad7a6d3b97d7e4eb2389aaddc4fb3b8efecc2da1aac13d737eafddd306eb9b18d9c5b3783c5a68fecf1f5ef1a729b35d1edcc2a9d592e09e63d34676bb6f78f3b796d23f37189f83a775fdcd984db0c713178cfdb94c9ed0bcb332867a2015d2dc6be7ed18d8c1fc482501ed5968fe3fdac6d56f7346c26aace72b77882452354510d8862b0e876c3cde2cf949cff896ce01dac657d6ca689cb233dd37dc47662c61c6ea756141cba3d4c3460af3fdd935b1233c4cc0c56c1da745115689cce8db376e69eb8ce7ede88d02318b7a42b1f0dc64503976810c9c7a14f8b43f5ec550d44d5190d1fb92f8d174535205ac1a2b136b721b6eb032258cb7bfb5cb4a68b3c37dbd8c666b99afea2dc60d140a78b01e53bf1b867684f89140d88192ce779ac0b75ee368756be16af2ca7ae69c42d89df457a5fe831930f224ac4b9ea2c6fa311ac12397409c80f1dac3a757736693162f1006e404a57d8dfbfcc602d4c735a40302f33de19dd14d192abfd4e16fbddb4631e8d46c4a24acc6095ac1a24aaa60f1ff7cc80a7efcd13556f2fbfeaf9955f7add6635c20d5e30a6619f2811aed2455194fccadfe0b9a7bf515aa357acd4c305e97b07d3a08fc622830ee49b832acba0fdf947fe74bf3882c50c96f30c135d09b8a5f7c0686e7e57ae0e5ded7fa2fcf3bb9a72fbc4e33667df0c96f392ce546361e4993239a8f7460f8fdc9e2ec3a2ead2802faa9f7c69c02e4a84ab05eb029eda1df24986d597d470b09cbdf05692ed20c662ee20750e9639cc9af1540f5135a7613fe8fba8a8daea757e3877a9bc41e6de0cd693ef0f10559339f5456f5254bdd1d9e0f6c4e58e4881bbdb5e6eb96abb3eeb8cb2c8dd6b63b0124e158f7e2371734b9f53031633589f853a056b43bb086e498f8da26afe753745b8da30c81f6b421730513583e5bcbb8177db91bdeee6d6cd65aee3bff739d2f7e5fb2bea7177ef4d7c663588d1373dd272f71a0e16dd0ba68fea418fa665d99d9724467ed4a5bdfbbdb0175db11c7b39072b7bbb675aefe09d4d44d5967906695028aa66b0462d94d35d2673e6cce179d0642dd2590edee1eadd920519d13346749ffa42ef29a363b97be1c71993c7c7bdfa529f57c7c6d2eb16ae8e583260d6b06ef4d0baae93dbe9fea28fd3b97b0d07ebdc95c15ccc2d3f54b0cc15ae7df7ba9ab9316702f7d7935dcc603deb358f6a32d78e7c0d2585fe87867097ca1bfdcf865bb84b104a56b9dda051b406c13214adf1dc0a37b475b5c5d95cd13b72b3fcd680fb6099f320bb43fcdf0ae974717bf2cd2fdd2eaec79f1d6a760c48c94aa7075b9339a840b02efa72c7b238a79db89653577b46d0f4bb5ca873b76870f08e306ee01c2c73b4ebe68ef3e55f3d477ee260bea83a58ddb5fd828c98b29c1873398f4651160ac1ace1dde95e99658c0ae82638bba86a88e2fefb04433ff42cac215817cd7d4f9a1827aadee844737bdb07ab43b7bb0d160d9fb9e5cc11fe6714cd7993b1d38399c7e2d161e2099b8912aea6eff13fa9e6ad64158265f8a4636baec67e5beaf7fe32ea9d546e3f3fcb669fe4577f0ee506f4211655d3f2d84edc92064fa2eacd1c1d2f8d7f4454dda0eb9cd5dd764980ab4f3b3e73f8626e0540b0aad655f86b74e4fd44b955d54423216e498eda0d9f4f5eeb597bb19d8464625e6a4d4c3bd1c0b4a9752b6e49e7d07963882f7c848993e2458970f51fcff6142537cc2f81215855e83c7203b2a3a9fd17f669546e2ee08f9be673fb8a39dbe43c4165aeb5d33381af69d26d0f860f3ae0993c9bfa6230bbb2e86cf3111664c8554eb3ba38d9e9d3e58bb94304c1aa72f6aa06e69f8dd0d8a8e2d6c6dce0d81f43160d88ea77d2f36c95b62fcf61f1bf7485e71417ac4daf9ec5a853f7e3e87634a4335bd27dd33c6ccf0bc3deed1f79f426cf85f0f05f4269041d6b2c76e56f08721ffde7773dc007298f6aeb50f53b60a7ebe596f0961bdb44504bf6e4079e45de313393c4a6e780b663fc488245d67768ddfb7bb95299f255e1e0cdd9e6d49125f948e1ce30a7b97eb10f8c249cae4e8ff7b878650fcf5234eb5f5190b7312bf57081789dbadb7ecbd20dfadbf371f63590d36f66f540dd074455183db31f377669c2649b6db7befc78824576346d6e4e2cf9428f4efbebfb9f47cd5fef994a30d9ee79a78f7eff2f657cbdd1bde6d06d9eeb68a03ee8fb281fca7b11766982a77afa373e97682db95b3cdb505da211983888836082d5ef64f54839a9b2f0fce5f788aa7b93c77bbe6ae1bd13d2640e7bfd3ed52fc88c31b7449be8717a89e3d05ea071863802993eca7e5cfcfd15f566177635d7974c749771deade5c6bcbc2ed6d16cb7c4cc2970aa0ae20bab6ecc2e0a604f6930c122f430650e238276e2bafb2a6e0d7533017de6d7f756dcd6d87bc3a42ff4f636b76ab5a257c7f99931abba77fcf4e1f053d7b8ed6ba24f0eddb9d6c4b45f1ad7890e78ea6aff7b320fdf124a9f84e5b19d16a6477ff87887adcdc3cf04b893d3019df92fff1676ee17f64f949537861cba3dcce5f3267d120222ba3b0b325800ce102c508160810a040b542058a002c102150816a840b0400582052a102c508160810a040b542058a002c102150816a840b0400582052a102c508160810a040b542058a002c102150816a840b0400582052a102c508160810a040b542058a002c102150816a840b0400582052a102c508160810a040b542058a002c102150816a840b0400582052a102c508160810a040b542058a002c102150816a840b0400582052a102c508160810a040b542058a002c102150816a840b0400582052a102c508160810a040b542058a002c102150816a840b0400582052a102c508160810a040b542058a002c102150816a840b0400582052a102c508160810a040b542058a002c102150816a840b0400582052a102c507059ddff00a42a42f39df9d4430000000049454e44ae426082),
(5, 1, 'test#1', 1, 'png', 99, 0x89504e470d0a1a0a0000000d49484452000000c8000000c80802000000223a39c9000000017352474200aece1ce90000000467414d410000b18f0bfc6105000000097048597300000e9c00000e9c01079453dd0000001874455874536f667477617265007061696e742e6e657420342e302e36fc8c63df00000de049444154785eeddb097454d5190770a9f5d4b6a7b5b52e6dd5dabab4daa30802c6101005036147131340d69004b221903d2464210111dc01414014a82c2a8b01444159450cc82aabac5524086191c5a242fba52ffde6f2cd9b376fa67e27c1f33fe7773c32dfbd2f9397ffbc77dfbd772efbf76575017e700816a840b0400582052a102c508160810a040b542058a002c102150816a840b0400582052a102c508160810a040b542058a002c102150816a840b0400582052a102c508160810a040b542058a002c102150816a840b0400582052a102c508160810a040b542058a002c102150816a840b0400582052a102c508160810a040b542058a002c102150816a840b0400582052a102c508160810a040b542058a002c102150816a840b0400582052a102c508160810a040b542058a002c102150816a840b0400582052a102c508160810a040b542058a002c102150816a840b0400582052a102c508160810a040b542058a002c102150816a840b0400582052a102c508160810a040b542058a002c102150816a840b0400582052a6a3258e5916da68c8e7df9b584194ff538f7f3faa20a97b49a0cd68457e27bfdfb49cbceb016a20a97b42083b5a15d4479545b615da7d65bc25b1ea8dbf4db9fd513ed6d4d3482b5eda1705105679f746cfd5e6ad4e294a8adcd6d4e5d7535397257e843a2e4e0c8cda173f3bbcc1cd17d617af4e15b42453520c1046be4a2fe1c085f862d1bb8a25747d1513083b5b9552b51056799bb72ad53f7dad858512249c78aadeae4717d44c99745031e8bfba6d4ea4516a6458b06010926587dfe55c23fde59ff8a02dbcf93c50cd6faf611a25ae36af9b08f4fddbcbc2ea274fab70db83a37bfaba87adbd5b8f9b0e583b88b852e5aa2594074836559d9d3fed265066bed236d44b50655de10127fe6bfbfe3f9e1e3a6f615d5dae0e84d217cea56f4ee24aafbea3773a89abefbe93dd347f6e0c6a6f99931a27140fedf609dbeba217db22dc7af6ff4c5df9bbcdf2ff2a9f7e4bdf29f7737150721b5365815b736e63736f2dd2744b536d8d1b439bfc3edcd1e16553a990e5556fe58dbf43d79dc9298b7c2f959351a2c5ff78bd55ddb731b3266663fd1805c12c1a2c1a2a8d606abba77e07778ec0ff789eaa2818f39542dd39eefc56d485265d186b611593b72f895b2eccea24b40b48245e89d7133b2fb3ef978724904abf8a33451ad0dde1cda8ddfa12891575eeee350b5241f29e436346cb75e3483f5766e6d0dd6b92beb9997d6254991a2c12511acfcf599a25a1bbcf86692f5f6124e0f152552b2b27a241e7fc6a66a49df3b981a4c9c146f5ed2b2767a82356fb07c26088862b0c8336529dc72da73bd44d557b03ebbffa1374abb8d9991f8dcdc944913fad0f0f3ecafeee5aa4b34b678abf871faecd27b786e5ef2f8d712e898f4f8239a99f6d76fb6f6d1361f756effcea0687e63833767d37ba3db04db1de27410b225bce59b25dd264d8c7b7a412afd0a132627cc29e8baa7e183a259a02ed4a9faa53e6d114e72b6562720675b36fd38eb4596f2bfab11557786b520de63dcc52951db9bc94969f38ae5fdb01910dd604d9a10c72dc7cc4a12d589af2470d50a56d573efb281fc22a3cfe57ba951665f0765399d938f168923b0ec6dd9abba75105d2c4357a789c6b6f23665898e163a157487eafb75f50492b7827599145cd1cbbd71d3fa8a0306e4fce5f280de2888dc7ece905a1c2c0a13b7a48b87a88a602dc888e17fdaf2fb19da5faf59dafe7cd1cbd6f82909a22fc9fcaceaeee0177dac4547b2fd8116e6a8c5c194d136f3996e783f6b07a4f2861071406f7c2124749515d580e8068bee23dc72d6f0eea26ade0a4b578809ba11f4dfde17bd52852efbe2208c5295f295ab3fade599b25471047a744d3c561cfbad675c68a2d7e9c29974acf8d9b75344c76d0f3e6c9e13bf829b1b5b1affc8f0a5038bd6a49bd715faffeced3994f5cc5db919bb73d3f7e4a5edf3cc2050500ad7a6d3b97d7e4eb2389aaddc4fb3b8efecc2da1aac13d737eafddd306eb9b18d9c5b3783c5a68fecf1f5ef1a729b35d1edcc2a9d592e09e63d34676bb6f78f3b796d23f37189f83a775fdcd984db0c713178cfdb94c9ed0bcb332867a2015d2dc6be7ed18d8c1fc482501ed5968fe3fdac6d56f7346c26aace72b77882452354510d8862b0e876c3cde2cf949cff896ce01dac657d6ca689cb233dd37dc47662c61c6ea756141cba3d4c3460af3fdd935b1233c4cc0c56c1da745115689cce8db376e69eb8ce7ede88d02318b7a42b1f0dc64503976810c9c7a14f8b43f5ec550d44d5190d1fb92f8d174535205ac1a2b136b721b6eb032258cb7bfb5cb4a68b3c37dbd8c666b99afea2dc60d140a78b01e53bf1b867684f89140d88192ce779ac0b75ee368756be16af2ca7ae69c42d89df457a5fe831930f224ac4b9ea2c6fa311ac12397409c80f1dac3a757736693162f1006e404a57d8dfbfcc602d4c735a40302f33de19dd14d192abfd4e16fbddb4631e8d46c4a24acc6095ac1a24aaa60f1ff7cc80a7efcd13556f2fbfeaf9955f7add6635c20d5e30a6619f2811aed2455194fccadfe0b9a7bf515aa357acd4c305e97b07d3a08fc622830ee49b832acba0fdf947fe74bf3882c50c96f30c135d09b8a5f7c0686e7e57ae0e5ded7fa2fcf3bb9a72fbc4e33667df0c96f392ce546361e4993239a8f7460f8fdc9e2ec3a2ead2802faa9f7c69c02e4a84ab05eb029eda1df24986d597d470b09cbdf05692ed20c662ee20750e9639cc9af1540f5135a7613fe8fba8a8daea757e3877a9bc41e6de0cd693ef0f10559339f5456f5254bdd1d9e0f6c4e58e4881bbdb5e6eb96abb3eeb8cb2c8dd6b63b0124e158f7e2371734b9f53031633589f853a056b43bb086e498f8da26afe753745b8da30c81f6b421730513583e5bcbb8177db91bdeee6d6cd65aee3bff739d2f7e5fb2bea7177ef4d7c663588d1373dd272f71a0e16dd0ba68fea418fa665d99d9724467ed4a5bdfbbdb0175db11c7b39072b7bbb675aefe09d4d44d5967906695028aa66b0462d94d35d2673e6cce179d0642dd2590edee1eadd920519d13346749ffa42ef29a363b97be1c71993c7c7bdfa529f57c7c6d2eb16ae8e583260d6b06ef4d0baae93dbe9fea28fd3b97b0d07ebdc95c15ccc2d3f54b0cc15ae7df7ba9ab9316702f7d7935dcc603deb358f6a32d78e7c0d2585fe87867097ca1bfdcf865bb84b104a56b9dda051b406c13214adf1dc0a37b475b5c5d95cd13b72b3fcd680fb6099f320bb43fcdf0ae974717bf2cd2fdd2eaec79f1d6a760c48c94aa7075b9339a840b02efa72c7b238a79db89653577b46d0f4bb5ca873b76870f08e306ee01c2c73b4ebe68ef3e55f3d477ee260bea83a58ddb5fd828c98b29c1873398f4651160ac1ace1dde95e99658c0ae82638bba86a88e2fefb04433ff42cac215817cd7d4f9a1827aadee844737bdb07ab43b7bb0d160d9fb9e5cc11fe6714cd7993b1d38399c7e2d161e2099b8912aea6eff13fa9e6ad64158265f8a4636baec67e5beaf7fe32ea9d546e3f3fcb669fe4577f0ee506f4211655d3f2d84edc92064fa2eacd1c1d2f8d7f4454dda0eb9cd5dd764980ab4f3b3e73f8626e0540b0aad655f86b74e4fd44b955d54423216e498eda0d9f4f5eeb597bb19d8464625e6a4d4c3bd1c0b4a9752b6e49e7d07963882f7c848993e2458970f51fcff6142537cc2f81215855e83c7203b2a3a9fd17f669546e2ee08f9be673fb8a39dbe43c4165aeb5d33381af69d26d0f860f3ae0993c9bfa6230bbb2e86cf3111664c8554eb3ba38d9e9d3e58bb94304c1aa72f6aa06e69f8dd0d8a8e2d6c6dce0d81f43160d88ea77d2f36c95b62fcf61f1bf7485e71417ac4daf9ec5a853f7e3e87634a4335bd27dd33c6ccf0bc3deed1f79f426cf85f0f05f4269041d6b2c76e56f08721ffde7773dc007298f6aeb50f53b60a7ebe596f0961bdb44504bf6e4079e45de313393c4a6e780b663fc488245d67768ddfb7bb95299f255e1e0cdd9e6d49125f948e1ce30a7b97eb10f8c249cae4e8ff7b878650fcf5234eb5f5190b7312bf57081789dbadb7ecbd20dfadbf371f63590d36f66f540dd074455183db31f377669c2649b6db7befc78824576346d6e4e2cf9428f4efbebfb9f47cd5fef994a30d9ee79a78f7eff2f657cbdd1bde6d06d9eeb68a03ee8fb281fca7b11766982a77afa373e97682db95b3cdb505da211983888836082d5ef64f54839a9b2f0fce5f788aa7b93c77bbe6ae1bd13d2640e7bfd3ed52fc88c31b7449be8717a89e3d05ea071863802993eca7e5cfcfd15f566177635d7974c749771deade5c6bcbc2ed6d16cb7c4cc2970aa0ae20bab6ecc2e0a604f6930c122f430650e238276e2bafb2a6e0d7533017de6d7f756dcd6d87bc3a42ff4f636b76ab5a257c7f99931abba77fcf4e1f053d7b8ed6ba24f0eddb9d6c4b45f1ad7890e78ea6aff7b320fdf124a9f84e5b19d16a6477ff87887adcdc3cf04b893d3019df92fff1676ee17f64f949537861cba3dcce5f3267d120222ba3b0b325800ce102c508160810a040b542058a002c102150816a840b0400582052a102c508160810a040b542058a002c102150816a840b0400582052a102c508160810a040b542058a002c102150816a840b0400582052a102c508160810a040b542058a002c102150816a840b0400582052a102c508160810a040b542058a002c102150816a840b0400582052a102c508160810a040b542058a002c102150816a840b0400582052a102c508160810a040b542058a002c102150816a840b0400582052a102c508160810a040b542058a002c102150816a840b0400582052a102c508160810a040b542058a002c102150816a840b0400582052a102c508160810a040b542058a002c102150816a840b0400582052a102c507059ddff00a42a42f39df9d4430000000049454e44ae426082),
(6, 1, 'test#1', 1, 'png', 99, 0x89504e470d0a1a0a0000000d49484452000000c8000000c80802000000223a39c9000000017352474200aece1ce90000000467414d410000b18f0bfc6105000000097048597300000e9c00000e9c01079453dd0000001874455874536f667477617265007061696e742e6e657420342e302e36fc8c63df00000de049444154785eeddb097454d5190770a9f5d4b6a7b5b52e6dd5dabab4daa30802c6101005036147131340d69004b221903d2464210111dc01414014a82c2a8b01444159450cc82aabac5524086191c5a242fba52ffde6f2cd9b376fa67e27c1f33fe7773c32dfbd2f9397ffbc77dfbd772efbf76575017e700816a840b0400582052a102c508160810a040b542058a002c102150816a840b0400582052a102c508160810a040b542058a002c102150816a840b0400582052a102c508160810a040b542058a002c102150816a840b0400582052a102c508160810a040b542058a002c102150816a840b0400582052a102c508160810a040b542058a002c102150816a840b0400582052a102c508160810a040b542058a002c102150816a840b0400582052a102c508160810a040b542058a002c102150816a840b0400582052a102c508160810a040b542058a002c102150816a840b0400582052a102c508160810a040b542058a002c102150816a840b0400582052a102c508160810a040b542058a002c102150816a840b0400582052a6a3258e5916da68c8e7df9b584194ff538f7f3faa20a97b49a0cd68457e27bfdfb49cbceb016a20a97b42083b5a15d4479545b615da7d65bc25b1ea8dbf4db9fd513ed6d4d3482b5eda1705105679f746cfd5e6ad4e294a8adcd6d4e5d7535397257e843a2e4e0c8cda173f3bbcc1cd17d617af4e15b42453520c1046be4a2fe1c085f862d1bb8a25747d1513083b5b9552b51056799bb72ad53f7dad858512249c78aadeae4717d44c99745031e8bfba6d4ea4516a6458b06010926587dfe55c23fde59ff8a02dbcf93c50cd6faf611a25ae36af9b08f4fddbcbc2ea274fab70db83a37bfaba87adbd5b8f9b0e583b88b852e5aa2594074836559d9d3fed265066bed236d44b50655de10127fe6bfbfe3f9e1e3a6f615d5dae0e84d217cea56f4ee24aafbea3773a89abefbe93dd347f6e0c6a6f99931a27140fedf609dbeba217db22dc7af6ff4c5df9bbcdf2ff2a9f7e4bdf29f7737150721b5365815b736e63736f2dd2744b536d8d1b439bfc3edcd1e16553a990e5556fe58dbf43d79dc9298b7c2f959351a2c5ff78bd55ddb731b3266663fd1805c12c1a2c1a2a8d606abba77e07778ec0ff789eaa2818f39542dd39eefc56d485265d186b611593b72f895b2eccea24b40b48245e89d7133b2fb3ef978724904abf8a33451ad0dde1cda8ddfa12891575eeee350b5241f29e436346cb75e3483f5766e6d0dd6b92beb9997d6254991a2c12511acfcf599a25a1bbcf86692f5f6124e0f152552b2b27a241e7fc6a66a49df3b981a4c9c146f5ed2b2767a82356fb07c26088862b0c8336529dc72da73bd44d557b03ebbffa1374abb8d9991f8dcdc944913fad0f0f3ecafeee5aa4b34b678abf871faecd27b786e5ef2f8d712e898f4f8239a99f6d76fb6f6d1361f756effcea0687e63833767d37ba3db04db1de27410b225bce59b25dd264d8c7b7a412afd0a132627cc29e8baa7e183a259a02ed4a9faa53e6d114e72b6562720675b36fd38eb4596f2bfab11557786b520de63dcc52951db9bc94969f38ae5fdb01910dd604d9a10c72dc7cc4a12d589af2470d50a56d573efb281fc22a3cfe57ba951665f0765399d938f168923b0ec6dd9abba75105d2c4357a789c6b6f23665898e163a157487eafb75f50492b7827599145cd1cbbd71d3fa8a0306e4fce5f280de2888dc7ece905a1c2c0a13b7a48b87a88a602dc888e17fdaf2fb19da5faf59dafe7cd1cbd6f82909a22fc9fcaceaeee0177dac4547b2fd8116e6a8c5c194d136f3996e783f6b07a4f2861071406f7c2124749515d580e8068bee23dc72d6f0eea26ade0a4b578809ba11f4dfde17bd52852efbe2208c5295f295ab3fade599b25471047a744d3c561cfbad675c68a2d7e9c29974acf8d9b75344c76d0f3e6c9e13bf829b1b5b1affc8f0a5038bd6a49bd715faffeced3994f5cc5db919bb73d3f7e4a5edf3cc2050500ad7a6d3b97d7e4eb2389aaddc4fb3b8efecc2da1aac13d737eafddd306eb9b18d9c5b3783c5a68fecf1f5ef1a729b35d1edcc2a9d592e09e63d34676bb6f78f3b796d23f37189f83a775fdcd984db0c713178cfdb94c9ed0bcb332867a2015d2dc6be7ed18d8c1fc482501ed5968fe3fdac6d56f7346c26aace72b77882452354510d8862b0e876c3cde2cf949cff896ce01dac657d6ca689cb233dd37dc47662c61c6ea756141cba3d4c3460af3fdd935b1233c4cc0c56c1da745115689cce8db376e69eb8ce7ede88d02318b7a42b1f0dc64503976810c9c7a14f8b43f5ec550d44d5190d1fb92f8d174535205ac1a2b136b721b6eb032258cb7bfb5cb4a68b3c37dbd8c666b99afea2dc60d140a78b01e53bf1b867684f89140d88192ce779ac0b75ee368756be16af2ca7ae69c42d89df457a5fe831930f224ac4b9ea2c6fa311ac12397409c80f1dac3a757736693162f1006e404a57d8dfbfcc602d4c735a40302f33de19dd14d192abfd4e16fbddb4631e8d46c4a24acc6095ac1a24aaa60f1ff7cc80a7efcd13556f2fbfeaf9955f7add6635c20d5e30a6619f2811aed2455194fccadfe0b9a7bf515aa357acd4c305e97b07d3a08fc622830ee49b832acba0fdf947fe74bf3882c50c96f30c135d09b8a5f7c0686e7e57ae0e5ded7fa2fcf3bb9a72fbc4e33667df0c96f392ce546361e4993239a8f7460f8fdc9e2ec3a2ead2802faa9f7c69c02e4a84ab05eb029eda1df24986d597d470b09cbdf05692ed20c662ee20750e9639cc9af1540f5135a7613fe8fba8a8daea757e3877a9bc41e6de0cd693ef0f10559339f5456f5254bdd1d9e0f6c4e58e4881bbdb5e6eb96abb3eeb8cb2c8dd6b63b0124e158f7e2371734b9f53031633589f853a056b43bb086e498f8da26afe753745b8da30c81f6b421730513583e5bcbb8177db91bdeee6d6cd65aee3bff739d2f7e5fb2bea7177ef4d7c663588d1373dd272f71a0e16dd0ba68fea418fa665d99d9724467ed4a5bdfbbdb0175db11c7b39072b7bbb675aefe09d4d44d5967906695028aa66b0462d94d35d2673e6cce179d0642dd2590edee1eadd920519d13346749ffa42ef29a363b97be1c71993c7c7bdfa529f57c7c6d2eb16ae8e583260d6b06ef4d0baae93dbe9fea28fd3b97b0d07ebdc95c15ccc2d3f54b0cc15ae7df7ba9ab9316702f7d7935dcc603deb358f6a32d78e7c0d2585fe87867097ca1bfdcf865bb84b104a56b9dda051b406c13214adf1dc0a37b475b5c5d95cd13b72b3fcd680fb6099f320bb43fcdf0ae974717bf2cd2fdd2eaec79f1d6a760c48c94aa7075b9339a840b02efa72c7b238a79db89653577b46d0f4bb5ca873b76870f08e306ee01c2c73b4ebe68ef3e55f3d477ee260bea83a58ddb5fd828c98b29c1873398f4651160ac1ace1dde95e99658c0ae82638bba86a88e2fefb04433ff42cac215817cd7d4f9a1827aadee844737bdb07ab43b7bb0d160d9fb9e5cc11fe6714cd7993b1d38399c7e2d161e2099b8912aea6eff13fa9e6ad64158265f8a4636baec67e5beaf7fe32ea9d546e3f3fcb669fe4577f0ee506f4211655d3f2d84edc92064fa2eacd1c1d2f8d7f4454dda0eb9cd5dd764980ab4f3b3e73f8626e0540b0aad655f86b74e4fd44b955d54423216e498eda0d9f4f5eeb597bb19d8464625e6a4d4c3bd1c0b4a9752b6e49e7d07963882f7c848993e2458970f51fcff6142537cc2f81215855e83c7203b2a3a9fd17f669546e2ee08f9be673fb8a39dbe43c4165aeb5d33381af69d26d0f860f3ae0993c9bfa6230bbb2e86cf3111664c8554eb3ba38d9e9d3e58bb94304c1aa72f6aa06e69f8dd0d8a8e2d6c6dce0d81f43160d88ea77d2f36c95b62fcf61f1bf7485e71417ac4daf9ec5a853f7e3e87634a4335bd27dd33c6ccf0bc3deed1f79f426cf85f0f05f4269041d6b2c76e56f08721ffde7773dc007298f6aeb50f53b60a7ebe596f0961bdb44504bf6e4079e45de313393c4a6e780b663fc488245d67768ddfb7bb95299f255e1e0cdd9e6d49125f948e1ce30a7b97eb10f8c249cae4e8ff7b878650fcf5234eb5f5190b7312bf57081789dbadb7ecbd20dfadbf371f63590d36f66f540dd074455183db31f377669c2649b6db7befc78824576346d6e4e2cf9428f4efbebfb9f47cd5fef994a30d9ee79a78f7eff2f657cbdd1bde6d06d9eeb68a03ee8fb281fca7b11766982a77afa373e97682db95b3cdb505da211983888836082d5ef64f54839a9b2f0fce5f788aa7b93c77bbe6ae1bd13d2640e7bfd3ed52fc88c31b7449be8717a89e3d05ea071863802993eca7e5cfcfd15f566177635d7974c749771deade5c6bcbc2ed6d16cb7c4cc2970aa0ae20bab6ecc2e0a604f6930c122f430650e238276e2bafb2a6e0d7533017de6d7f756dcd6d87bc3a42ff4f636b76ab5a257c7f99931abba77fcf4e1f053d7b8ed6ba24f0eddb9d6c4b45f1ad7890e78ea6aff7b320fdf124a9f84e5b19d16a6477ff87887adcdc3cf04b893d3019df92fff1676ee17f64f949537861cba3dcce5f3267d120222ba3b0b325800ce102c508160810a040b542058a002c102150816a840b0400582052a102c508160810a040b542058a002c102150816a840b0400582052a102c508160810a040b542058a002c102150816a840b0400582052a102c508160810a040b542058a002c102150816a840b0400582052a102c508160810a040b542058a002c102150816a840b0400582052a102c508160810a040b542058a002c102150816a840b0400582052a102c508160810a040b542058a002c102150816a840b0400582052a102c508160810a040b542058a002c102150816a840b0400582052a102c508160810a040b542058a002c102150816a840b0400582052a102c508160810a040b542058a002c102150816a840b0400582052a102c507059ddff00a42a42f39df9d4430000000049454e44ae426082),
(7, 1, 'test#1', 1, 'png', 99, 0x89504e470d0a1a0a0000000d49484452000000c8000000c80802000000223a39c9000000017352474200aece1ce90000000467414d410000b18f0bfc6105000000097048597300000e9c00000e9c01079453dd0000001874455874536f667477617265007061696e742e6e657420342e302e36fc8c63df00000de049444154785eeddb097454d5190770a9f5d4b6a7b5b52e6dd5dabab4daa30802c6101005036147131340d69004b221903d2464210111dc01414014a82c2a8b01444159450cc82aabac5524086191c5a242fba52ffde6f2cd9b376fa67e27c1f33fe7773c32dfbd2f9397ffbc77dfbd772efbf76575017e700816a840b0400582052a102c508160810a040b542058a002c102150816a840b0400582052a102c508160810a040b542058a002c102150816a840b0400582052a102c508160810a040b542058a002c102150816a840b0400582052a102c508160810a040b542058a002c102150816a840b0400582052a102c508160810a040b542058a002c102150816a840b0400582052a102c508160810a040b542058a002c102150816a840b0400582052a102c508160810a040b542058a002c102150816a840b0400582052a102c508160810a040b542058a002c102150816a840b0400582052a102c508160810a040b542058a002c102150816a840b0400582052a102c508160810a040b542058a002c102150816a840b0400582052a6a3258e5916da68c8e7df9b584194ff538f7f3faa20a97b49a0cd68457e27bfdfb49cbceb016a20a97b42083b5a15d4479545b615da7d65bc25b1ea8dbf4db9fd513ed6d4d3482b5eda1705105679f746cfd5e6ad4e294a8adcd6d4e5d7535397257e843a2e4e0c8cda173f3bbcc1cd17d617af4e15b42453520c1046be4a2fe1c085f862d1bb8a25747d1513083b5b9552b51056799bb72ad53f7dad858512249c78aadeae4717d44c99745031e8bfba6d4ea4516a6458b06010926587dfe55c23fde59ff8a02dbcf93c50cd6faf611a25ae36af9b08f4fddbcbc2ea274fab70db83a37bfaba87adbd5b8f9b0e583b88b852e5aa2594074836559d9d3fed265066bed236d44b50655de10127fe6bfbfe3f9e1e3a6f615d5dae0e84d217cea56f4ee24aafbea3773a89abefbe93dd347f6e0c6a6f99931a27140fedf609dbeba217db22dc7af6ff4c5df9bbcdf2ff2a9f7e4bdf29f7737150721b5365815b736e63736f2dd2744b536d8d1b439bfc3edcd1e16553a990e5556fe58dbf43d79dc9298b7c2f959351a2c5ff78bd55ddb731b3266663fd1805c12c1a2c1a2a8d606abba77e07778ec0ff789eaa2818f39542dd39eefc56d485265d186b611593b72f895b2eccea24b40b48245e89d7133b2fb3ef978724904abf8a33451ad0dde1cda8ddfa12891575eeee350b5241f29e436346cb75e3483f5766e6d0dd6b92beb9997d6254991a2c12511acfcf599a25a1bbcf86692f5f6124e0f152552b2b27a241e7fc6a66a49df3b981a4c9c146f5ed2b2767a82356fb07c26088862b0c8336529dc72da73bd44d557b03ebbffa1374abb8d9991f8dcdc944913fad0f0f3ecafeee5aa4b34b678abf871faecd27b786e5ef2f8d712e898f4f8239a99f6d76fb6f6d1361f756effcea0687e63833767d37ba3db04db1de27410b225bce59b25dd264d8c7b7a412afd0a132627cc29e8baa7e183a259a02ed4a9faa53e6d114e72b6562720675b36fd38eb4596f2bfab11557786b520de63dcc52951db9bc94969f38ae5fdb01910dd604d9a10c72dc7cc4a12d589af2470d50a56d573efb281fc22a3cfe57ba951665f0765399d938f168923b0ec6dd9abba75105d2c4357a789c6b6f23665898e163a157487eafb75f50492b7827599145cd1cbbd71d3fa8a0306e4fce5f280de2888dc7ece905a1c2c0a13b7a48b87a88a602dc888e17fdaf2fb19da5faf59dafe7cd1cbd6f82909a22fc9fcaceaeee0177dac4547b2fd8116e6a8c5c194d136f3996e783f6b07a4f2861071406f7c2124749515d580e8068bee23dc72d6f0eea26ade0a4b578809ba11f4dfde17bd52852efbe2208c5295f295ab3fade599b25471047a744d3c561cfbad675c68a2d7e9c29974acf8d9b75344c76d0f3e6c9e13bf829b1b5b1affc8f0a5038bd6a49bd715faffeced3994f5cc5db919bb73d3f7e4a5edf3cc2050500ad7a6d3b97d7e4eb2389aaddc4fb3b8efecc2da1aac13d737eafddd306eb9b18d9c5b3783c5a68fecf1f5ef1a729b35d1edcc2a9d592e09e63d34676bb6f78f3b796d23f37189f83a775fdcd984db0c713178cfdb94c9ed0bcb332867a2015d2dc6be7ed18d8c1fc482501ed5968fe3fdac6d56f7346c26aace72b77882452354510d8862b0e876c3cde2cf949cff896ce01dac657d6ca689cb233dd37dc47662c61c6ea756141cba3d4c3460af3fdd935b1233c4cc0c56c1da745115689cce8db376e69eb8ce7ede88d02318b7a42b1f0dc64503976810c9c7a14f8b43f5ec550d44d5190d1fb92f8d174535205ac1a2b136b721b6eb032258cb7bfb5cb4a68b3c37dbd8c666b99afea2dc60d140a78b01e53bf1b867684f89140d88192ce779ac0b75ee368756be16af2ca7ae69c42d89df457a5fe831930f224ac4b9ea2c6fa311ac12397409c80f1dac3a757736693162f1006e404a57d8dfbfcc602d4c735a40302f33de19dd14d192abfd4e16fbddb4631e8d46c4a24acc6095ac1a24aaa60f1ff7cc80a7efcd13556f2fbfeaf9955f7add6635c20d5e30a6619f2811aed2455194fccadfe0b9a7bf515aa357acd4c305e97b07d3a08fc622830ee49b832acba0fdf947fe74bf3882c50c96f30c135d09b8a5f7c0686e7e57ae0e5ded7fa2fcf3bb9a72fbc4e33667df0c96f392ce546361e4993239a8f7460f8fdc9e2ec3a2ead2802faa9f7c69c02e4a84ab05eb029eda1df24986d597d470b09cbdf05692ed20c662ee20750e9639cc9af1540f5135a7613fe8fba8a8daea757e3877a9bc41e6de0cd693ef0f10559339f5456f5254bdd1d9e0f6c4e58e4881bbdb5e6eb96abb3eeb8cb2c8dd6b63b0124e158f7e2371734b9f53031633589f853a056b43bb086e498f8da26afe753745b8da30c81f6b421730513583e5bcbb8177db91bdeee6d6cd65aee3bff739d2f7e5fb2bea7177ef4d7c663588d1373dd272f71a0e16dd0ba68fea418fa665d99d9724467ed4a5bdfbbdb0175db11c7b39072b7bbb675aefe09d4d44d5967906695028aa66b0462d94d35d2673e6cce179d0642dd2590edee1eadd920519d13346749ffa42ef29a363b97be1c71993c7c7bdfa529f57c7c6d2eb16ae8e583260d6b06ef4d0baae93dbe9fea28fd3b97b0d07ebdc95c15ccc2d3f54b0cc15ae7df7ba9ab9316702f7d7935dcc603deb358f6a32d78e7c0d2585fe87867097ca1bfdcf865bb84b104a56b9dda051b406c13214adf1dc0a37b475b5c5d95cd13b72b3fcd680fb6099f320bb43fcdf0ae974717bf2cd2fdd2eaec79f1d6a760c48c94aa7075b9339a840b02efa72c7b238a79db89653577b46d0f4bb5ca873b76870f08e306ee01c2c73b4ebe68ef3e55f3d477ee260bea83a58ddb5fd828c98b29c1873398f4651160ac1ace1dde95e99658c0ae82638bba86a88e2fefb04433ff42cac215817cd7d4f9a1827aadee844737bdb07ab43b7bb0d160d9fb9e5cc11fe6714cd7993b1d38399c7e2d161e2099b8912aea6eff13fa9e6ad64158265f8a4636baec67e5beaf7fe32ea9d546e3f3fcb669fe4577f0ee506f4211655d3f2d84edc92064fa2eacd1c1d2f8d7f4454dda0eb9cd5dd764980ab4f3b3e73f8626e0540b0aad655f86b74e4fd44b955d54423216e498eda0d9f4f5eeb597bb19d8464625e6a4d4c3bd1c0b4a9752b6e49e7d07963882f7c848993e2458970f51fcff6142537cc2f81215855e83c7203b2a3a9fd17f669546e2ee08f9be673fb8a39dbe43c4165aeb5d33381af69d26d0f860f3ae0993c9bfa6230bbb2e86cf3111664c8554eb3ba38d9e9d3e58bb94304c1aa72f6aa06e69f8dd0d8a8e2d6c6dce0d81f43160d88ea77d2f36c95b62fcf61f1bf7485e71417ac4daf9ec5a853f7e3e87634a4335bd27dd33c6ccf0bc3deed1f79f426cf85f0f05f4269041d6b2c76e56f08721ffde7773dc007298f6aeb50f53b60a7ebe596f0961bdb44504bf6e4079e45de313393c4a6e780b663fc488245d67768ddfb7bb95299f255e1e0cdd9e6d49125f948e1ce30a7b97eb10f8c249cae4e8ff7b878650fcf5234eb5f5190b7312bf57081789dbadb7ecbd20dfadbf371f63590d36f66f540dd074455183db31f377669c2649b6db7befc78824576346d6e4e2cf9428f4efbebfb9f47cd5fef994a30d9ee79a78f7eff2f657cbdd1bde6d06d9eeb68a03ee8fb281fca7b11766982a77afa373e97682db95b3cdb505da211983888836082d5ef64f54839a9b2f0fce5f788aa7b93c77bbe6ae1bd13d2640e7bfd3ed52fc88c31b7449be8717a89e3d05ea071863802993eca7e5cfcfd15f566177635d7974c749771deade5c6bcbc2ed6d16cb7c4cc2970aa0ae20bab6ecc2e0a604f6930c122f430650e238276e2bafb2a6e0d7533017de6d7f756dcd6d87bc3a42ff4f636b76ab5a257c7f99931abba77fcf4e1f053d7b8ed6ba24f0eddb9d6c4b45f1ad7890e78ea6aff7b320fdf124a9f84e5b19d16a6477ff87887adcdc3cf04b893d3019df92fff1676ee17f64f949537861cba3dcce5f3267d120222ba3b0b325800ce102c508160810a040b542058a002c102150816a840b0400582052a102c508160810a040b542058a002c102150816a840b0400582052a102c508160810a040b542058a002c102150816a840b0400582052a102c508160810a040b542058a002c102150816a840b0400582052a102c508160810a040b542058a002c102150816a840b0400582052a102c508160810a040b542058a002c102150816a840b0400582052a102c508160810a040b542058a002c102150816a840b0400582052a102c508160810a040b542058a002c102150816a840b0400582052a102c508160810a040b542058a002c102150816a840b0400582052a102c508160810a040b542058a002c102150816a840b0400582052a102c507059ddff00a42a42f39df9d4430000000049454e44ae426082);
INSERT INTO `photo` (`id_photo`, `id_order`, `file_name`, `id_service`, `file_type`, `file_size`, `binary_file`) VALUES
(8, 1, 'test#1', 1, 'png', 99, 0x89504e470d0a1a0a0000000d49484452000000c8000000c80802000000223a39c9000000017352474200aece1ce90000000467414d410000b18f0bfc6105000000097048597300000e9c00000e9c01079453dd0000001874455874536f667477617265007061696e742e6e657420342e302e36fc8c63df00000de049444154785eeddb097454d5190770a9f5d4b6a7b5b52e6dd5dabab4daa30802c6101005036147131340d69004b221903d2464210111dc01414014a82c2a8b01444159450cc82aabac5524086191c5a242fba52ffde6f2cd9b376fa67e27c1f33fe7773c32dfbd2f9397ffbc77dfbd772efbf76575017e700816a840b0400582052a102c508160810a040b542058a002c102150816a840b0400582052a102c508160810a040b542058a002c102150816a840b0400582052a102c508160810a040b542058a002c102150816a840b0400582052a102c508160810a040b542058a002c102150816a840b0400582052a102c508160810a040b542058a002c102150816a840b0400582052a102c508160810a040b542058a002c102150816a840b0400582052a102c508160810a040b542058a002c102150816a840b0400582052a102c508160810a040b542058a002c102150816a840b0400582052a102c508160810a040b542058a002c102150816a840b0400582052a102c508160810a040b542058a002c102150816a840b0400582052a6a3258e5916da68c8e7df9b584194ff538f7f3faa20a97b49a0cd68457e27bfdfb49cbceb016a20a97b42083b5a15d4479545b615da7d65bc25b1ea8dbf4db9fd513ed6d4d3482b5eda1705105679f746cfd5e6ad4e294a8adcd6d4e5d7535397257e843a2e4e0c8cda173f3bbcc1cd17d617af4e15b42453520c1046be4a2fe1c085f862d1bb8a25747d1513083b5b9552b51056799bb72ad53f7dad858512249c78aadeae4717d44c99745031e8bfba6d4ea4516a6458b06010926587dfe55c23fde59ff8a02dbcf93c50cd6faf611a25ae36af9b08f4fddbcbc2ea274fab70db83a37bfaba87adbd5b8f9b0e583b88b852e5aa2594074836559d9d3fed265066bed236d44b50655de10127fe6bfbfe3f9e1e3a6f615d5dae0e84d217cea56f4ee24aafbea3773a89abefbe93dd347f6e0c6a6f99931a27140fedf609dbeba217db22dc7af6ff4c5df9bbcdf2ff2a9f7e4bdf29f7737150721b5365815b736e63736f2dd2744b536d8d1b439bfc3edcd1e16553a990e5556fe58dbf43d79dc9298b7c2f959351a2c5ff78bd55ddb731b3266663fd1805c12c1a2c1a2a8d606abba77e07778ec0ff789eaa2818f39542dd39eefc56d485265d186b611593b72f895b2eccea24b40b48245e89d7133b2fb3ef978724904abf8a33451ad0dde1cda8ddfa12891575eeee350b5241f29e436346cb75e3483f5766e6d0dd6b92beb9997d6254991a2c12511acfcf599a25a1bbcf86692f5f6124e0f152552b2b27a241e7fc6a66a49df3b981a4c9c146f5ed2b2767a82356fb07c26088862b0c8336529dc72da73bd44d557b03ebbffa1374abb8d9991f8dcdc944913fad0f0f3ecafeee5aa4b34b678abf871faecd27b786e5ef2f8d712e898f4f8239a99f6d76fb6f6d1361f756effcea0687e63833767d37ba3db04db1de27410b225bce59b25dd264d8c7b7a412afd0a132627cc29e8baa7e183a259a02ed4a9faa53e6d114e72b6562720675b36fd38eb4596f2bfab11557786b520de63dcc52951db9bc94969f38ae5fdb01910dd604d9a10c72dc7cc4a12d589af2470d50a56d573efb281fc22a3cfe57ba951665f0765399d938f168923b0ec6dd9abba75105d2c4357a789c6b6f23665898e163a157487eafb75f50492b7827599145cd1cbbd71d3fa8a0306e4fce5f280de2888dc7ece905a1c2c0a13b7a48b87a88a602dc888e17fdaf2fb19da5faf59dafe7cd1cbd6f82909a22fc9fcaceaeee0177dac4547b2fd8116e6a8c5c194d136f3996e783f6b07a4f2861071406f7c2124749515d580e8068bee23dc72d6f0eea26ade0a4b578809ba11f4dfde17bd52852efbe2208c5295f295ab3fade599b25471047a744d3c561cfbad675c68a2d7e9c29974acf8d9b75344c76d0f3e6c9e13bf829b1b5b1affc8f0a5038bd6a49bd715faffeced3994f5cc5db919bb73d3f7e4a5edf3cc2050500ad7a6d3b97d7e4eb2389aaddc4fb3b8efecc2da1aac13d737eafddd306eb9b18d9c5b3783c5a68fecf1f5ef1a729b35d1edcc2a9d592e09e63d34676bb6f78f3b796d23f37189f83a775fdcd984db0c713178cfdb94c9ed0bcb332867a2015d2dc6be7ed18d8c1fc482501ed5968fe3fdac6d56f7346c26aace72b77882452354510d8862b0e876c3cde2cf949cff896ce01dac657d6ca689cb233dd37dc47662c61c6ea756141cba3d4c3460af3fdd935b1233c4cc0c56c1da745115689cce8db376e69eb8ce7ede88d02318b7a42b1f0dc64503976810c9c7a14f8b43f5ec550d44d5190d1fb92f8d174535205ac1a2b136b721b6eb032258cb7bfb5cb4a68b3c37dbd8c666b99afea2dc60d140a78b01e53bf1b867684f89140d88192ce779ac0b75ee368756be16af2ca7ae69c42d89df457a5fe831930f224ac4b9ea2c6fa311ac12397409c80f1dac3a757736693162f1006e404a57d8dfbfcc602d4c735a40302f33de19dd14d192abfd4e16fbddb4631e8d46c4a24acc6095ac1a24aaa60f1ff7cc80a7efcd13556f2fbfeaf9955f7add6635c20d5e30a6619f2811aed2455194fccadfe0b9a7bf515aa357acd4c305e97b07d3a08fc622830ee49b832acba0fdf947fe74bf3882c50c96f30c135d09b8a5f7c0686e7e57ae0e5ded7fa2fcf3bb9a72fbc4e33667df0c96f392ce546361e4993239a8f7460f8fdc9e2ec3a2ead2802faa9f7c69c02e4a84ab05eb029eda1df24986d597d470b09cbdf05692ed20c662ee20750e9639cc9af1540f5135a7613fe8fba8a8daea757e3877a9bc41e6de0cd693ef0f10559339f5456f5254bdd1d9e0f6c4e58e4881bbdb5e6eb96abb3eeb8cb2c8dd6b63b0124e158f7e2371734b9f53031633589f853a056b43bb086e498f8da26afe753745b8da30c81f6b421730513583e5bcbb8177db91bdeee6d6cd65aee3bff739d2f7e5fb2bea7177ef4d7c663588d1373dd272f71a0e16dd0ba68fea418fa665d99d9724467ed4a5bdfbbdb0175db11c7b39072b7bbb675aefe09d4d44d5967906695028aa66b0462d94d35d2673e6cce179d0642dd2590edee1eadd920519d13346749ffa42ef29a363b97be1c71993c7c7bdfa529f57c7c6d2eb16ae8e583260d6b06ef4d0baae93dbe9fea28fd3b97b0d07ebdc95c15ccc2d3f54b0cc15ae7df7ba9ab9316702f7d7935dcc603deb358f6a32d78e7c0d2585fe87867097ca1bfdcf865bb84b104a56b9dda051b406c13214adf1dc0a37b475b5c5d95cd13b72b3fcd680fb6099f320bb43fcdf0ae974717bf2cd2fdd2eaec79f1d6a760c48c94aa7075b9339a840b02efa72c7b238a79db89653577b46d0f4bb5ca873b76870f08e306ee01c2c73b4ebe68ef3e55f3d477ee260bea83a58ddb5fd828c98b29c1873398f4651160ac1ace1dde95e99658c0ae82638bba86a88e2fefb04433ff42cac215817cd7d4f9a1827aadee844737bdb07ab43b7bb0d160d9fb9e5cc11fe6714cd7993b1d38399c7e2d161e2099b8912aea6eff13fa9e6ad64158265f8a4636baec67e5beaf7fe32ea9d546e3f3fcb669fe4577f0ee506f4211655d3f2d84edc92064fa2eacd1c1d2f8d7f4454dda0eb9cd5dd764980ab4f3b3e73f8626e0540b0aad655f86b74e4fd44b955d54423216e498eda0d9f4f5eeb597bb19d8464625e6a4d4c3bd1c0b4a9752b6e49e7d07963882f7c848993e2458970f51fcff6142537cc2f81215855e83c7203b2a3a9fd17f669546e2ee08f9be673fb8a39dbe43c4165aeb5d33381af69d26d0f860f3ae0993c9bfa6230bbb2e86cf3111664c8554eb3ba38d9e9d3e58bb94304c1aa72f6aa06e69f8dd0d8a8e2d6c6dce0d81f43160d88ea77d2f36c95b62fcf61f1bf7485e71417ac4daf9ec5a853f7e3e87634a4335bd27dd33c6ccf0bc3deed1f79f426cf85f0f05f4269041d6b2c76e56f08721ffde7773dc007298f6aeb50f53b60a7ebe596f0961bdb44504bf6e4079e45de313393c4a6e780b663fc488245d67768ddfb7bb95299f255e1e0cdd9e6d49125f948e1ce30a7b97eb10f8c249cae4e8ff7b878650fcf5234eb5f5190b7312bf57081789dbadb7ecbd20dfadbf371f63590d36f66f540dd074455183db31f377669c2649b6db7befc78824576346d6e4e2cf9428f4efbebfb9f47cd5fef994a30d9ee79a78f7eff2f657cbdd1bde6d06d9eeb68a03ee8fb281fca7b11766982a77afa373e97682db95b3cdb505da211983888836082d5ef64f54839a9b2f0fce5f788aa7b93c77bbe6ae1bd13d2640e7bfd3ed52fc88c31b7449be8717a89e3d05ea071863802993eca7e5cfcfd15f566177635d7974c749771deade5c6bcbc2ed6d16cb7c4cc2970aa0ae20bab6ecc2e0a604f6930c122f430650e238276e2bafb2a6e0d7533017de6d7f756dcd6d87bc3a42ff4f636b76ab5a257c7f99931abba77fcf4e1f053d7b8ed6ba24f0eddb9d6c4b45f1ad7890e78ea6aff7b320fdf124a9f84e5b19d16a6477ff87887adcdc3cf04b893d3019df92fff1676ee17f64f949537861cba3dcce5f3267d120222ba3b0b325800ce102c508160810a040b542058a002c102150816a840b0400582052a102c508160810a040b542058a002c102150816a840b0400582052a102c508160810a040b542058a002c102150816a840b0400582052a102c508160810a040b542058a002c102150816a840b0400582052a102c508160810a040b542058a002c102150816a840b0400582052a102c508160810a040b542058a002c102150816a840b0400582052a102c508160810a040b542058a002c102150816a840b0400582052a102c508160810a040b542058a002c102150816a840b0400582052a102c508160810a040b542058a002c102150816a840b0400582052a102c508160810a040b542058a002c102150816a840b0400582052a102c507059ddff00a42a42f39df9d4430000000049454e44ae426082);

-- --------------------------------------------------------

--
-- Struktura tabeli dla tabeli `photo_format`
--

CREATE TABLE `photo_format` (
  `id_photo_format` int(11) NOT NULL,
  `format` varchar(45) NOT NULL,
  `price` int(11) NOT NULL
) ENGINE=InnoDB DEFAULT CHARSET=latin1;

--
-- Zrzut danych tabeli `photo_format`
--

INSERT INTO `photo_format` (`id_photo_format`, `format`, `price`) VALUES
(1, '9x13', 1),
(2, '10x15', 1),
(3, '13x18', 1);

-- --------------------------------------------------------

--
-- Struktura tabeli dla tabeli `photo_service`
--

CREATE TABLE `photo_service` (
  `id_service` int(11) NOT NULL,
  `copies` int(11) NOT NULL,
  `id_photo_format` int(11) NOT NULL,
  `id_sealing` int(11) NOT NULL,
  `id_retouch` int(11) NOT NULL
) ENGINE=InnoDB DEFAULT CHARSET=latin1;

--
-- Zrzut danych tabeli `photo_service`
--

INSERT INTO `photo_service` (`id_service`, `copies`, `id_photo_format`, `id_sealing`, `id_retouch`) VALUES
(1, 1, 1, 1, 1);

-- --------------------------------------------------------

--
-- Struktura tabeli dla tabeli `retouch`
--

CREATE TABLE `retouch` (
  `id_retouch` int(11) NOT NULL,
  `type_of_retouch` varchar(45) NOT NULL,
  `price` int(11) NOT NULL
) ENGINE=InnoDB DEFAULT CHARSET=latin1;

--
-- Zrzut danych tabeli `retouch`
--

INSERT INTO `retouch` (`id_retouch`, `type_of_retouch`, `price`) VALUES
(1, 'none', 0),
(2, 'redEye', 2);

-- --------------------------------------------------------

--
-- Struktura tabeli dla tabeli `sealing`
--

CREATE TABLE `sealing` (
  `id_sealing` int(11) NOT NULL,
  `type_of_sealing` varchar(45) NOT NULL,
  `price` int(11) NOT NULL
) ENGINE=InnoDB DEFAULT CHARSET=latin1;

--
-- Zrzut danych tabeli `sealing`
--

INSERT INTO `sealing` (`id_sealing`, `type_of_sealing`, `price`) VALUES
(1, 'none', 0);

-- --------------------------------------------------------

--
-- Struktura tabeli dla tabeli `shipment`
--

CREATE TABLE `shipment` (
  `id_shipment` int(11) NOT NULL,
  `type_of_shipment` varchar(45) NOT NULL,
  `price` int(11) NOT NULL
) ENGINE=InnoDB DEFAULT CHARSET=latin1;

--
-- Zrzut danych tabeli `shipment`
--

INSERT INTO `shipment` (`id_shipment`, `type_of_shipment`, `price`) VALUES
(1, 'Kurier', 14),
(2, 'list polecony', 7),
(3, 'list eko', 4);

-- --------------------------------------------------------

--
-- Struktura tabeli dla tabeli `user`
--

CREATE TABLE `user` (
  `id_user` int(11) NOT NULL,
  `firstname` varchar(45) NOT NULL,
  `lastname` varchar(45) NOT NULL,
  `email` varchar(45) NOT NULL,
  `login` varchar(45) NOT NULL,
  `password` varchar(45) NOT NULL,
  `id_account_type` int(11) DEFAULT NULL,
  `id_department` int(11) DEFAULT NULL
) ENGINE=InnoDB DEFAULT CHARSET=latin1;

--
-- Zrzut danych tabeli `user`
--

INSERT INTO `user` (`id_user`, `firstname`, `lastname`, `email`, `login`, `password`, `id_account_type`, `id_department`) VALUES
(0, 'admin', 'admin', 'admin@zakladfotograficzny.pl', 'admin', 'admin', 1, 0),
(6, 'ImieK', 'NazwiskoK', 'klient@foto.pl', 'klient1', 'klient1', 2, 0),
(9, 'asasas', 'asasas', 'asasas', 'asasas', 'asasas', 1, 0),
(10, 'asasas2', 'asasas2', 'asasas2', 'asasas2', 'asasas2', 1, 0),
(12, 'asasas1', 'asasas', 'asasas', 'asasas', 'asasas', 1, 0),
(13, 'asasas2', 'asasas', 'asasas', 'asasas', 'asasas', 2, 0),
(15, 'asasas4', 'asasas', 'asasas', 'asasas', 'asasas', 3, 0),
(18, 'Imie', 'Nazwisko', 'email', 'login', 'haslo', 2, 0),
(20, 'a', 'a', 'abc@mail.com', 'login1', 'haslo', 2, 0),
(21, 'Jan', 'Sztygar', 'jansztygar@gmail.com', 'user1', 'user1', 1, 0),
(22, 'test', 'test', 'abc@mail.com', 'test', 'test', 2, 0);

--
-- Indeksy dla zrzutw tabel
--

--
-- Indexes for table `account_type`
--
ALTER TABLE `account_type`
  ADD PRIMARY KEY (`id_account_type`),
  ADD UNIQUE KEY `id_account_type_UNIQUE` (`id_account_type`);

--
-- Indexes for table `address`
--
ALTER TABLE `address`
  ADD KEY `id_user_idx` (`id_user`);

--
-- Indexes for table `department`
--
ALTER TABLE `department`
  ADD PRIMARY KEY (`id_department`);

--
-- Indexes for table `help`
--
ALTER TABLE `help`
  ADD PRIMARY KEY (`id_help`);

--
-- Indexes for table `order`
--
ALTER TABLE `order`
  ADD PRIMARY KEY (`id_order`),
  ADD KEY `id_payment_idx` (`id_payment`),
  ADD KEY `id_shipment_idx` (`id_shippment`),
  ADD KEY `id_status_idx` (`id_status`),
  ADD KEY `id_department_idx` (`id_department`);

--
-- Indexes for table `order_status`
--
ALTER TABLE `order_status`
  ADD PRIMARY KEY (`id_status`);

--
-- Indexes for table `payment`
--
ALTER TABLE `payment`
  ADD PRIMARY KEY (`id_payment`);

--
-- Indexes for table `photo`
--
ALTER TABLE `photo`
  ADD PRIMARY KEY (`id_photo`),
  ADD KEY `id_service_idx` (`id_service`),
  ADD KEY `id_order_idx` (`id_order`);

--
-- Indexes for table `photo_format`
--
ALTER TABLE `photo_format`
  ADD PRIMARY KEY (`id_photo_format`);

--
-- Indexes for table `photo_service`
--
ALTER TABLE `photo_service`
  ADD PRIMARY KEY (`id_service`),
  ADD KEY `id_photo_format_idx` (`id_photo_format`),
  ADD KEY `id_sealing_idx` (`id_sealing`),
  ADD KEY `id_retouch_idx` (`id_retouch`);

--
-- Indexes for table `retouch`
--
ALTER TABLE `retouch`
  ADD PRIMARY KEY (`id_retouch`);

--
-- Indexes for table `sealing`
--
ALTER TABLE `sealing`
  ADD PRIMARY KEY (`id_sealing`);

--
-- Indexes for table `shipment`
--
ALTER TABLE `shipment`
  ADD PRIMARY KEY (`id_shipment`);

--
-- Indexes for table `user`
--
ALTER TABLE `user`
  ADD PRIMARY KEY (`id_user`),
  ADD UNIQUE KEY `id_user_UNIQUE` (`id_user`),
  ADD KEY `id_account_type_idx` (`id_account_type`),
  ADD KEY `id_department_idx` (`id_department`);

--
-- AUTO_INCREMENT for dumped tables
--

--
-- AUTO_INCREMENT dla tabeli `account_type`
--
ALTER TABLE `account_type`
  MODIFY `id_account_type` int(11) NOT NULL AUTO_INCREMENT, AUTO_INCREMENT=4;
--
-- AUTO_INCREMENT dla tabeli `department`
--
ALTER TABLE `department`
  MODIFY `id_department` int(11) NOT NULL AUTO_INCREMENT;
--
-- AUTO_INCREMENT dla tabeli `help`
--
ALTER TABLE `help`
  MODIFY `id_help` int(11) NOT NULL AUTO_INCREMENT, AUTO_INCREMENT=5;
--
-- AUTO_INCREMENT dla tabeli `order`
--
ALTER TABLE `order`
  MODIFY `id_order` int(11) NOT NULL AUTO_INCREMENT, AUTO_INCREMENT=23;
--
-- AUTO_INCREMENT dla tabeli `order_status`
--
ALTER TABLE `order_status`
  MODIFY `id_status` int(11) NOT NULL AUTO_INCREMENT, AUTO_INCREMENT=2;
--
-- AUTO_INCREMENT dla tabeli `payment`
--
ALTER TABLE `payment`
  MODIFY `id_payment` int(11) NOT NULL AUTO_INCREMENT, AUTO_INCREMENT=3;
--
-- AUTO_INCREMENT dla tabeli `photo`
--
ALTER TABLE `photo`
  MODIFY `id_photo` int(11) NOT NULL AUTO_INCREMENT, AUTO_INCREMENT=9;
--
-- AUTO_INCREMENT dla tabeli `photo_format`
--
ALTER TABLE `photo_format`
  MODIFY `id_photo_format` int(11) NOT NULL AUTO_INCREMENT, AUTO_INCREMENT=4;
--
-- AUTO_INCREMENT dla tabeli `photo_service`
--
ALTER TABLE `photo_service`
  MODIFY `id_service` int(11) NOT NULL AUTO_INCREMENT, AUTO_INCREMENT=2;
--
-- AUTO_INCREMENT dla tabeli `retouch`
--
ALTER TABLE `retouch`
  MODIFY `id_retouch` int(11) NOT NULL AUTO_INCREMENT, AUTO_INCREMENT=3;
--
-- AUTO_INCREMENT dla tabeli `sealing`
--
ALTER TABLE `sealing`
  MODIFY `id_sealing` int(11) NOT NULL AUTO_INCREMENT, AUTO_INCREMENT=2;
--
-- AUTO_INCREMENT dla tabeli `shipment`
--
ALTER TABLE `shipment`
  MODIFY `id_shipment` int(11) NOT NULL AUTO_INCREMENT, AUTO_INCREMENT=4;
--
-- AUTO_INCREMENT dla tabeli `user`
--
ALTER TABLE `user`
  MODIFY `id_user` int(11) NOT NULL AUTO_INCREMENT, AUTO_INCREMENT=23;
--
-- Ograniczenia dla zrzutw tabel
--

--
-- Ograniczenia dla tabeli `address`
--
ALTER TABLE `address`
  ADD CONSTRAINT `id_user` FOREIGN KEY (`id_user`) REFERENCES `user` (`id_user`) ON DELETE NO ACTION ON UPDATE NO ACTION;

--
-- Ograniczenia dla tabeli `order`
--
ALTER TABLE `order`
  ADD CONSTRAINT `id_department` FOREIGN KEY (`id_department`) REFERENCES `department` (`id_department`) ON DELETE NO ACTION ON UPDATE NO ACTION,
  ADD CONSTRAINT `id_payment` FOREIGN KEY (`id_payment`) REFERENCES `payment` (`id_payment`) ON DELETE NO ACTION ON UPDATE NO ACTION,
  ADD CONSTRAINT `id_shipment` FOREIGN KEY (`id_shippment`) REFERENCES `shipment` (`id_shipment`) ON DELETE NO ACTION ON UPDATE NO ACTION,
  ADD CONSTRAINT `id_status` FOREIGN KEY (`id_status`) REFERENCES `order_status` (`id_status`) ON DELETE NO ACTION ON UPDATE NO ACTION;

--
-- Ograniczenia dla tabeli `photo`
--
ALTER TABLE `photo`
  ADD CONSTRAINT `id_order` FOREIGN KEY (`id_order`) REFERENCES `order` (`id_order`) ON DELETE NO ACTION ON UPDATE NO ACTION,
  ADD CONSTRAINT `id_service` FOREIGN KEY (`id_service`) REFERENCES `photo_service` (`id_service`) ON DELETE NO ACTION ON UPDATE NO ACTION;

--
-- Ograniczenia dla tabeli `photo_service`
--
ALTER TABLE `photo_service`
  ADD CONSTRAINT `id_photo_format` FOREIGN KEY (`id_photo_format`) REFERENCES `photo_format` (`id_photo_format`) ON DELETE NO ACTION ON UPDATE NO ACTION,
  ADD CONSTRAINT `id_retouch` FOREIGN KEY (`id_retouch`) REFERENCES `retouch` (`id_retouch`) ON DELETE NO ACTION ON UPDATE NO ACTION,
  ADD CONSTRAINT `id_sealing` FOREIGN KEY (`id_sealing`) REFERENCES `sealing` (`id_sealing`) ON DELETE NO ACTION ON UPDATE NO ACTION;

--
-- Ograniczenia dla tabeli `user`
--
ALTER TABLE `user`
  ADD CONSTRAINT `id_account_type` FOREIGN KEY (`id_account_type`) REFERENCES `account_type` (`id_account_type`) ON DELETE NO ACTION ON UPDATE NO ACTION,
  ADD CONSTRAINT `id_department2` FOREIGN KEY (`id_department`) REFERENCES `department` (`id_department`) ON DELETE NO ACTION ON UPDATE NO ACTION;
